content_id,infohash
2120381e7aa44d993c58cf870a88a06e490d8dd6,2c6b6858d61da9543d4231a71db4b1c9264b0685
2120381e7aa44d993c58cf870a88a06e490d8dd6,3b245504cf5f11bbdbe1201cea6a6bf45aee1bc0
719f43a0c59094ac251167edf34ce9092c5ed6f6,f09c8d0884590088f4004e010a928f8b6178c2fd
6002633010e26347692acc0357445a503baaa09e,468938b648604e095df471d759ef696c9553ea01
ecc9739233885aed6605832601616dcda7cc7f67,4f79d763961a3e10b33272dd0bf36ac70c1632a6
fb464292d31b63c59d0491a51e7257e38423ca2e,aa3bfacec0c7922c397fb77ca0c185b8b144e977
9af513dcbb46d8951ae00cfea296bee8d235d955,f71330af06b8ff3c9150f86c2a7c3fe4dc8ac330
ecc9739233885aed6605832601616dcda7cc7f67,46308e4737cb9ddd466a2e5e805dcad1a66d232b
ecc9739233885aed6605832601616dcda7cc7f67,11d7e99b7a32560e809bb91bbc34234b92e7d158
ecc9739233885aed6605832601616dcda7cc7f67,afba3e29c1f1f332b078a8b62dddc76deb39813c
e8e7c069bac3117b7a4695e2cae960a2463f0b1f,f430cf83e235029fd1c84702b0c56a9f075e403e
9af513dcbb46d8951ae00cfea296bee8d235d955,daa7d9348b5d289a58b91c98483b17417b266ff9
99f9be6ebfc5cae8093780967aea949d01e6693e,53d4458ce00f7c6eea4599178004d180ce59b612
99f9be6ebfc5cae8093780967aea949d01e6693e,9e44f478198eb3201d09f670c11f6e3e71c375c6
186c510057d5b10fa2606ef7682452ececdbfe16,962c71a931280143d3c1d2b09f08c0a6e2022d46
a88ea838317c1347a3cd1ce65f06adcfd7c05246,20e551d74f949ebbea752e97d0eee2085b7e4275
ecc9739233885aed6605832601616dcda7cc7f67,f90e436066d7a111a6a385d1505cc0fc02537bd3
c9e8ecbb470fe459c29d6be502d619314feb14f5,36f42cc5b83919d885a1ab6175a28f9f87021308
e8e7c069bac3117b7a4695e2cae960a2463f0b1f,132eac81a37f63fed922f21b0edf045d70aa461a
74829e630a9b92f07f5074f7f25e03e303152282,97705f8bbd07a0ab5758b95fc30a2e5efbbeda69
e8e7c069bac3117b7a4695e2cae960a2463f0b1f,1634a63792a5688fdd4b60ae51a88120b60bee2a
4bb5c005d1ae9ef1490c2f3eb6d117a6e272a641,77487c7e7a9206d198bd53bdf0f7eef7a292dae6
e8e7c069bac3117b7a4695e2cae960a2463f0b1f,e12778b112a09d1d498136315d4020d40fa2879a
8da75304fa30647159399af4367e33051c933970,e474a878e89386a618a2165007e73f607d357439
719f43a0c59094ac251167edf34ce9092c5ed6f6,b44a0e20fa5b7cecb77156333b4268dfd7c30afb
d9b0506e0fe9c6aad15b01df20ef4a7d92ce081b,343fe2ffec46cfe65e26dde5b5121e5ce01f64e0
d9b0506e0fe9c6aad15b01df20ef4a7d92ce081b,30f51bf353518f6b624406bf0d3d32e6a3336f53
9af513dcbb46d8951ae00cfea296bee8d235d955,73913708707f65f7a234cfcdd794e0f427d4f4a6
4bb5c005d1ae9ef1490c2f3eb6d117a6e272a641,adee5d30aca46adc2e24e7ef85adf4fd76a0a3cc
6fe88f90e26099a0e1f4defc552ca4b4d05ad9ef,b6b8ce579988a85b2a3ec8cd870ccb785d7807ca
8da75304fa30647159399af4367e33051c933970,5438119a7fc7fd5ffde08c9d78fdb2ec3c879fcb
719f43a0c59094ac251167edf34ce9092c5ed6f6,58f3718040495b3c55e8c1e24e50499c1e143e72
8da75304fa30647159399af4367e33051c933970,414dfc296992019f3da6671f9c97cbd8e14d1e76
e8e7c069bac3117b7a4695e2cae960a2463f0b1f,2f326d9e793372e9ed36bb38d4f8fe4f73ea1933
e8e7c069bac3117b7a4695e2cae960a2463f0b1f,e6ce4990f7a927cd2879e293122168d9d10d99d0
da891b9132601ea425631f3a6a826a54cbe3aaeb,e145e75b43931987f81a9936218b1da35fc755ba
ecc9739233885aed6605832601616dcda7cc7f67,1d6830e58e4286b5cf2af8f81855565e3a30801a
dc255d1ffd6983511a1fff5e82f6807887258db6,be8c64daa0dc966b4b06d0bfb95499d83f8796a3
2dfe7d4182ed13885b0354d933f469e1c8d098a3,4bb705210adb59cfbaf22a85acff51f4fb6105cd
2dfe7d4182ed13885b0354d933f469e1c8d098a3,de9bff3b76489706867baa8021d7e3367998ebba
bd5e44a9ff915e9211de6a35945f2e5bf5ae38b6,0ce571c8248970a6f410a010a1739a1730e68cf8
2120381e7aa44d993c58cf870a88a06e490d8dd6,8a55cfbd5ca5d11507364765936c4f9e55b253ed
abdc2af0210ed192d25a891d63d0f0844a20eae8,016c958dee670cf716f00e9d48eed48564bf29e5
c9e8ecbb470fe459c29d6be502d619314feb14f5,fcb1fae826c385d4b3022efe41c45c993b2eace7
c9e8ecbb470fe459c29d6be502d619314feb14f5,114b06a08ed7235e3cd3fedd46b369fe8ffcdb6a
c9e8ecbb470fe459c29d6be502d619314feb14f5,cedaa706199ed2457e663522b4d0def6f3cfa352
c9e8ecbb470fe459c29d6be502d619314feb14f5,14ffe5dd23188fd5cb53a1d47f1289db70abf31e
c9e8ecbb470fe459c29d6be502d619314feb14f5,0bca1a6c084e9e5467905f13c58498cdc219b636